model,accuracy,precision,recall,f1,kappa
KNeighborsClassifier(),0.6406052963430012,0.4069795303621551,0.41353746271275665,0.4093091502432313,0.22765283421217197
DecisionTreeClassifier(),0.6494325346784363,0.4488117389644158,0.44930587873285677,0.4485936320301645,0.29955009341280836
GradientBoostingClassifier(),0.7225725094577553,0.4745446265938069,0.4726998888693923,0.471702661904391,0.40238893703606005
RandomForestClassifier(),0.7326607818411097,0.6447843453546875,0.4992366658105117,0.5076012709458397,0.4318735574307313
AdaBoostClassifier(),0.6633039092055486,0.4786096978974382,0.4546723172893286,0.4577576487156692,0.3011394017810579
