model,accuracy,precision,recall,f1,kappa
KNeighborsClassifier,0.6278195488721805,0.4035862765668104,0.41309216192937126,0.40801301005322294,0.22356232136703635
DecisionTreeClassifier,0.6475563909774437,0.4706474684735554,0.4728466838931955,0.4716656770493392,0.2958007486749934
GradientBoostingClassifier,0.75,0.49529190207156315,0.4999138673557278,0.49656633482050677,0.47429853596198923
RandomForestClassifier,0.7622180451127819,0.501619697373349,0.512489233419466,0.5067449648601481,0.5043253136727051
AdaBoostClassifier,0.6785714285714286,0.4487417491749175,0.46477174849267877,0.45538084502457926,0.35882156009373944
